word,count
of,107
and,86
in,73
the,70
for,50
A,31
a,31
with,31
to,28
model,23
The,19
Optimal,15
under,14
Risk,14
on,13
market,13
Model,13
Market,13
Time,11
based,11
an,11
Stochastic,11
risk,10
from,10
Financial,10
models,9
Models,9
using,9
Trading,9
Pricing,9
Stock,9
Portfolio,9
Learning,9
price,9
volatility,8
Price,8
approach,8
An,7
On,7
Approach,7
Optimization,7
Markets,7
Dynamic,7
s,6
Volatility,6
pricing,6
via,6
stochastic,6
Option,6
factor,5
Gaussian,5
analysis,5
Estimation,5
financial,5
Mean,5
portfolio,5
Brownian,5
Network,5
as,5
time,5
Impact,5
Dynamics,5
optimal,5
How,5
Asset,5
markets,5
dynamic,5
electricity,5
Multi,4
Evidence,4
Game,4
variance,4
selection,4
uncertainty,4
networks,4
Networks,4
Quantum,4
application,4
modeling,4
measures,4
Non,4
Economic,4
stock,4
Arbitrage,4
investment,4
Control,4
Economics,4
Portfolios,4
Bayesian,4
processes,4
estimation,4
prices,4
effect,4
network,4
term,3
High,3
Factor,3
Variance,3
Exploring,3
New,3
Affine,3
Rough,3
changes,3
interbank,3
problem,3
Social,3
diversification,3
Effect,3
Framework,3
Processes,3
Algorithmic,3
Q,3
Bitcoin,3
Simulation,3
Forecasting,3
Deep,3
Cross,3
Assessing,3
Particle,3
Prediction,3
Fast,3
Intraday,3
by,3
Fractional,3
Applications,3
Markov,3
order,3
dynamics,3
Weak,3
Analysis,3
Study,3
Using,3
Prices,3
Signals,3
Stationary,3
performance,3
portfolios,3
Credit,3
stable,3
Derivatives,3
Critical,3
S,3
cryptocurrency,3
Strategies,3
Machine,3
Data,3
vs,3
Problems,3
forecasting,3
mean,3
Are,2
multi,2
structure,2
empirical,2
Italian,2
Dimensional,2
Local,2
Gamma,2
behavior,2
Principle,2
Stopping,2
Tax,2
agent,2
across,2
multiple,2
costs,2
case,2
Stocks,2
partial,2
information,2
Motion,2
options,2
implied,2
neural,2
Community,2
Structures,2
trade,2
impact,2
Decision,2
making,2
Towards,2
Expected,2
Utility,2
Transition,2
motion,2
its,2
Crowd,2
maximization,2
forward,2
role,2
specific,2
Spatial,2
rate,2
continuous,2
Extended,2
Matrices,2
Fitted,2
Iteration,2
Heston,2
Bubbles,2
complex,2
data,2
framework,2
Correlation,2
Limits,2
Efficient,2
neutral,2
differential,2
Contagion,2
Asymmetric,2
Laplace,2
Realized,2
derivatives,2
products,2
VIX,2
state,2
Small,2
Companies,2
paradigm,2
corporate,2
bonds,2
European,2
Random,2
Transient,2
Causal,2
Account,2
Monte,2
Carlo,2
method,2
Capital,2
Impacts,2
other,2
Liquidity,2
Trends,2
Diffusion,2
equity,2
debt,2
Space,2
hedging,2
problems,2
Stability,2
multifractality,2
times,2
Quantifying,2
Calibration,2
Environment,2
Allocation,2
Neural,2
Growth,2
their,2
Execution,2
economic,2
growth,2
efficiency,2
entropy,2
mathematical,2
Jumps,2
Case,2
consumption,2
cross,2
Conditional,2
Inconsistent,2
volume,2
insurance,2
strategy,2
business,2
max,2
random,2
change,2
factors,2
Systems,2
regime,2
switching,2
approximations,2
Value,2
at,2
U,2
Diversification,2
Internal,2
Continuous,2
learning,2
latent,2
Change,2
Discrete,2
Trade,2
Lee,2
two,2
Statistical,2
superhedging,2
Large,2
Generated,2
national,2
Information,2
Blockchain,2
series,2
Maximization,2
Futures,2
multivariate,2
ahead,2
parameter,2
incomplete,2
Order,2
Energy,2
Free,2
modelling,2
control,2
comparison,2
dimensional,2
martingale,2
management,2
solutions,2
intraday,2
Likelihood,2
correlation,2
class,2
still,1
useful,1
BTPs,1
Expanded,1
Psychological,1
investor,1
manager,1
Failure,1
Smooth,1
Pasting,1
Nonexistence,1
Equilibrium,1
Rules,1
Inconsistency,1
Cryptoasset,1
predictability,1
range,1
estimators,1
RNNs,1
Expropriations,1
Property,1
Confiscations,1
Offshore,1
Entities,1
Panama,1
Papers,1
Evasion,1
evidences,1
Structural,1
crisis,1
core,1
periphery,1
complexity,1
solving,1
decision,1
flow,1
depending,1
IJsselmeer,1
dikes,1
Mining,1
Illegal,1
Insider,1
Proactive,1
drift,1
Generalizing,1
Geometric,1
computing,1
volatilities,1
Short,1
Term,1
System,1
Identification,1
Conduit,1
Countries,1
Withholding,1
International,1
crop,1
shocks,1
cascades,1
Dynamical,1
regularities,1
US,1
equities,1
opening,1
closing,1
auctions,1
Human,1
probability,1
octant,1
default,1
Wisdom,1
Kalman,1
Status,1
source,1
fairness,1
networked,1
dictator,1
game,1
industry,1
occupation,1
location,1
knowledge,1
survival,1
new,1
firms,1
Broad,1
Consequences,1
Narrow,1
Banking,1
spatial,1
Rank,1
Smart,1
TWAP,1
trading,1
equilibria,1
Reduced,1
Form,1
Life,1
Insurance,1
Covariance,1
Aggressive,1
Incentives,1
Physical,1
Activity,1
Role,1
Choice,1
Technology,1
Aids,1
Predictable,1
Combining,1
Generalized,1
Metcalfe,1
Law,1
LPPLS,1
Aggregating,1
types,1
prediction,1
independent,1
Interconnectedness,1
Cryptocurrencies,1
Settlement,1
Latency,1
Barrier,1
Options,1
Assets,1
Subset,1
valuation,1
funding,1
defaults,1
collateralization,1
Clearing,1
Semi,1
parametric,1
Tail,1
Incorporating,1
Measures,1
smile,1
properties,1
exotic,1
understanding,1
skew,1
Returns,1
Section,1
e,1
Readiness,1
Medium,1
Mexico,1
Proposed,1
Taxonomy,1
Adoption,1
Construction,1
Matters,1
DeepTriangle,1
Loss,1
Reserving,1
Consistent,1
Inter,1
Specification,1
Homogeneous,1
SPX,1
Characterization,1
catastrophic,1
instabilities,1
crashes,1
closed,1
formula,1
illiquid,1
Stretch,1
Stray,1
Resonant,1
Length,1
Walks,1
Explaining,1
Parochialism,1
Political,1
Polarization,1
Changing,1
Environments,1
General,1
multilevel,1
methods,1
discretely,1
monitored,1
Asian,1
Instantaneous,1
CAPM,1
six,1
asset,1
without,1
practical,1
pseudospectral,1
collocation,1
linear,1
equations,1
distributional,1
sources,1
Regulation,1
Spreading,1
infectious,1
disease,1
between,1
different,1
locations,1
Improving,1
Movement,1
Adversarial,1
Training,1
Scaling,1
Super,1
replication,1
swaption,1
Opinion,1
Search,1
Engines,1
Gatekeepers,1
proportional,1
reinsurance,1
Endogeneous,1
Misinformation,1
Media,1
Evaluation,1
obligations,1
Driven,1
Series,1
Representation,1
Unravelling,1
Airbnb,1
Predicting,1
Listing,1
Itô,1
additive,1
fast,1
varying,1
Computation,1
transport,1
related,1
penalization,1
Pension,1
Gap,1
Health,1
Care,1
Expenditures,1
Participation,1
Supplemental,1
Nutrition,1
Assistance,1
Program,1
SNAP,1
Technological,1
Parasitism,1
Asynchronous,1
pump,1
path,1
integral,1
stocks,1
face,1
branched,1
left,1
sidedness,1
phase,1
transitions,1
interevent,1
CCI30,1
Index,1
Inherent,1
Recalibration,1
Measurement,1
Wasserstein,1
Distance,1
VWAP,1
execution,1
transient,1
reverting,1
Martingales,1
Investor,1
Reaction,1
Disclosures,1
Across,1
Topics,1
Application,1
Latent,1
Dirichlet,1
Alpha,1
Measuring,1
Systematic,1
Neoclassical,1
Sectional,1
Variation,1
production,1
amplify,1
Quantification,1
informational,1
Corruption,1
free,1
scheme,1
entering,1
into,1
contract,1
Gibbs,1
Sampler,1
Asymptotics,1
Nonlinear,1
PDE,1
Multidimensional,1
post,1
retirement,1
minimum,1
guarantee,1
Ground,1
Truth,1
Sentiment,1
Generate,1
Profitable,1
Dealing,1
Dimensionality,1
Curse,1
Competition,1
Frequent,1
Repricing,1
Compensate,1
Imperfect,1
Anticipations,1
Investigating,1
configurations,1
shareholding,1
joint,1
copula,1
Hilbert,1
Ergodic,1
channel,1
discourse,1
indicator,1
movements,1
observables,1
rank,1
functionally,1
generated,1
Meets,1
Coping,1
Correlations,1
Industrial,1
Externality,1
Prospect,1
Well,1
being,1
life,1
external,1
Incremental,1
Sharpe,1
ratios,1
nuances,1
relationship,1
culture,1
world,1
QLBS,1
Learner,1
Goes,1
NuQLear,1
Inverse,1
RL,1
equation,1
thermodynamical,1
economics,1
Infinitesimal,1
perturbation,1
Smith,1
field,1
sum,1
log,1
normal,1
variates,1
geometric,1
reporting,1
delay,1
claims,1
reserving,1
Indicator,1
What,1
are,1
most,1
important,1
that,1
influence,1
London,1
Real,1
Estate,1
quantify,1
them,1
signature,1
payoffs,1
Advisor,1
Based,1
Ensemble,1
dynABE,1
Trend,1
Metal,1
Discovering,1
Views,1
Intelligent,1
ergodic,1
BSDE,1
arising,1
Shortfall,1
involving,1
kurtosis,1
Mutual,1
Fund,1
Investments,1
Similarity,1
Fragility,1
throughout,1
Global,1
Crisis,1
Microgrid,1
Architecture,1
Strong,1
Equilibria,1
algorithms,1
alpha,1
Parameter,1
Detection,1
Filter,1
With,1
Accelerated,1
Adaptation,1
PROOF,1
OF,1
VALUE,1
ALIENATION,1
PoVA,1
concept,1
issuance,1
protocol,1
Zero,1
Inflated,1
Autoregressive,1
Duration,1
Durations,1
Excessive,1
Zeros,1
Numerical,1
Carr,1
Immunization,1
Strategy,1
comparisons,1
largest,1
claim,1
amounts,1
sets,1
interdependent,1
heterogeneous,1
Will,1
Economy,1
Be,1
Stable,1
Chain,1
Cure,1
Rate,1
Performing,1
Loans,1
Kinetic,1
Theory,1
Finance,1
Microscopic,1
Path,1
dependent,1
Functionals,1
Weights,1
Geert,1
Hofstede,1
et,1
al,1
set,1
cultural,1
dimensions,1
popularity,1
criticisms,1
Selection,1
Distributions,1
Historic,1
Implied,1
Academic,1
Engagement,1
Commercialization,1
Institutional,1
Shanghai,1
Maritime,1
University,1
Emergence,1
Private,1
Graph,1
Structure,1
P2P,1
Lending,1
entanglement,1
advertising,1
expenditures,1
upon,1
sales,1
structural,1
Effects,1
limit,1
Horizon,1
Korean,1
Herding,1
Disentangling,1
Uncertainties,1
Multiperiod,1
Corporate,1
Default,1
Predictions,1
Inferring,1
short,1
indicators,1
blockchain,1
sparse,1
grid,1
balance,1
sheet,1
measurement,1
after,1
return,1
jumps,1
Thought,1
Viruses,1
Defining,1
estimating,1
general,1
Contemporary,1
facets,1
successes,1
among,1
leading,1
companies,1
operating,1
Bulgaria,1
Integrating,1
increasing,1
emissions,1
western,1
United,1
States,1
Continuity,1
Convergence,1
Static,1
Adaptive,1
Methods,1
Storage,1
Perspective,1
Carter,1
mortality,1
Peruvian,1
Population,1
Managed,1
Generalised,1
Lyapunov,1
Functions,1
Functionally,1
persistent,1
links,1
node,1
variables,1
consistency,1
scalar,1
Visualization,1
opportunity,1
cost,1
find,1
near,1
equilibrium,1
non,1
convexities,1
Removing,1
Look,1
Bias,1
Least,1
Square,1
Algorithm,1
Leave,1
One,1
Out,1
degree,1
incompleteness,1
Closed,1
form,1
Kristensen,1
Mele,1
Approximation,1
Hawkes,1
Arrivals,1
Claims,1
Erratum,1
Higher,1
Elicitability,1
Osband,1
novel,1
improved,1
fuzzy,1
support,1
vector,1
machine,1
trend,1
forecast,1
Practical,1
computation,1
structured,1
convex,1
bodies,1
dependencies,1
crises,1
induced,1
powers,1
fields,1
Token,1
Concept,1
Functionality,1
cooling,1
off,1
limits,1
Chinese,1
quasi,1
sure,1
duality,1
frictions,1
Reducing,1
Supporting,1
Powered,1
Science,1
FRACTI,1
Conceptual,1
Scale,1
Collaboration,1
Transparent,1
Investigation,1
Programming,1
Recursive,1
Preferences,1
Optimality,1
Retirement,1
spending,1
biological,1
age,1
Adapting,1
CVA,1
Leland,1
Self,1
Invisible,1
Hand,1
Inference,1
Multivariate,1
distributions,1
applications,1
returns,1
Voting,1
power,1
political,1
parties,1
Senate,1
Chile,1
during,1
whole,1
binomial,1
system,1
period,1
1990,1
2017,1
contagion,1
spreading,1
economy,1
density,1
forecasts,1
comprehensive,1
historical,1
schemes,1
Complexity,1
regularisation,1
Advertising,1
Brand,1
Attitudes,1
575,1
Brands,1
over,1
Five,1
Years,1
Day,1
high,1
structures,1
Univariate,1
frameworks,1
cubature,1
rules,1
polynomial,1
ALM,1
insurers,1
enablers,1
food,1
quality,1
safety,1
compliance,1
Vietnamese,1
seafood,1
supply,1
chain,1
Interpolation,1
Observable,1
Interest,1
Rates,1
comonotonic,1
endowments,1
Illiquid,1
Reverse,1
Annealing,1
Robust,1
XVA,1
BitCoin,1
GARCH,1
Frequency,1
Field,1
Games,1
Differing,1
Beliefs,1
Explicit,1
utility,1
transforms,1
Atomic,1
Swaptions,1
Cryptocurrency,1
robust,1
Econometric,1
prudence,1
allocation,1
possibilistic,1
mixed,1
Bi,1
Demographic,1
Changes,1
Current,1
SVAR,1
Modeling,1
Temporal,1
Logistic,1
Bag,1
Features,1
leveraging,1
Limit,1
Book,1
Shattering,1
glass,1
ceiling,1
institutional,1
context,1
mitigates,1
gender,1
gap,1
entrepreneurship,1
Ranking,1
Influence,1
Directed,1
Graphs,1
Cointelated,1
Pairs,1
SDEs,1
Enhanced,1
Initial,1
Margin,1
Methodology,1
Manage,1
Warehoused,1
Implications,1
Platforms,1
Target,1
option,1
lognormal,1
fractional,1
SABR,1
Reframing,1
P500,1
along,1
nth,1
21,1
Century,1
Empirical,1
Survival,1
Jensen,1
Shannon,1
Divergence,1
Goodness,1
Fit,1
Measure,1
Maximum,1
Curve,1
Fitting,1
spread,1
affect,1
book,1
Comparing,1
responses,1
deletions,1
placements,1
trades,1
Theoretic,1
Seasonal,1
Samuelson,1
Agricultural,1
optimization,1
adaptive,1
capital,1
Multilevel,1
nested,1
simulation,1
efficient,1
Evaluating,1
regulatory,1
reform,1
industries,1
survey,1
categorical,1
proxies,1
simple,1
unemployment,1
study,1
Portugal,1
Central,1
Counterparty,1
Intensity,1
transaction,1
arrivals,1
bootstrap,1
test,1
detect,1
prominent,1
Granger,1
causalities,1
frequencies,1
make,1
take,1
fees,1
regulation,1
equivalence,1
tax,1
scenarios,1
stress,1
testing,1
property,1
rough,1
Bergomi,1
Backward,1
Method,1
Classes,1
elementary,1
function,1
CEV,1
I,1
measure,1
exposure,1
Austrian,1
reversion,1
asymptotics,1
large,1
theoretic,1
futures,1
contracts,1
Nondominated,1
Priors,1
Unbounded,1
Parameters,1
Replica,1
Net,1
Present,1
Accounting,1
Noise,1
CoCos,1
Exploiting,1
Investors,1
China,1
Investment,1
Demand,1
Timing,1
Along,1
Randomized,1
Bridge,1
Reverting,1
Penalized,1
OU,1
Consumption,1
smoothing,1
working,1
households,1
interwar,1
Japan,1
fake,1
news,1
migration,1
education,1
macroeconomic,1
expectations,1
Google,1
Mid,1
particle,1
filtering,1
Nonparametric,1
microstructure,1
noise,1
From,1
Azéma,1
supermartingales,1
finite,1
honest,1
optional,1
semimartingales,1
Σ,1
Connectedness,1
Fears,1
Sector,1
Complex,1
Valued,1
Universal,1
features,1
formation,1
perspectives,1
